prompt,text,rejected_text
[閒聊] 日本水蚤－百合限定,"日本水蚤是完全不跟雄性交配的完全百合，
是大約3000年前從北美到日本的一對姊妹繁殖而成的家系，
因為這麼討厭雄性，而導致多樣性下降進而面臨的絕種的危機，
為了這種水蚤，而在某動畫網站上，
於2015年的聖誕節，播放了超過20小時的「公開交配直播」。

這個水蚤版的Pornhub的觀眾超過了26萬人，
是個100%善意，為了讓不喜歡男性的潔癖女孩子懷孕
而把他們關在小房間裡面直播其交配畫面，非常特別的「白色聖誕節」。

--
繪師講的20小時直播應該是這個，
為了教育日本水蚤如何性交而(略
雖然這個直播不是在聖誕節就是了

--
",I don't know what you are talking about.
[閒聊] 白蓮教的教主是怎麼讓信眾義無反顧啊？,"如題

這是白蓮教的老大


這個是白蓮教信眾


那白蓮教的教主到底是怎麼讓這些白蓮教信眾幫他敲鑼打鼓宣傳造勢

甚至讓這些信眾義無反顧的拼一次啊？


--
",I don't know what you are talking about.
[閒聊] 光速蒙面俠21 特別紀念 55頁 彩圖,"特報
連載21周年記念
「#アイシールド21」が週刊少年ジャンプに帰ってくる
特別読切が特大センターカラー55ページで掲載決定

2024年1月29日(月)発売予定の
週刊少年ジャンプ9号をぜひご覧ください


----
Sent from BePTT

--
",I don't know what you are talking about.
[閒聊] 喜歡的創作者頻道收了QQQQQQQQQQQ,"就如提 今天一如己往打開YT

收尋我喜歡的那個頻道 在收尋欄位打上我喜歡的那首

我很膚淺 但她其他的創作真的沒打到我的點

就唯獨那首幽靈東京的中文填詞版-幽靈台北 打到我內心

可是就在今天 隨著她最近的公告

因為某些現實上的外務不得不收起頻道

也使得那首觸動我內心的幽靈台北也收了起來

再見了我認為最棒的中文填詞版本的幽靈東京

再見了stacey / stay & see

希望你之後的未來順利快樂

也希望有朝一日我能在聽到那收幽靈台北

=
沒關係 騙自己沒問題
用謊言一天一天打造夢想和現實的替代品
失去太多自己 麻木變成了慣性
落下的眼淚也不過只是
紀念這座城市慘忍的絢麗
=

--
",I don't know what you are talking about.
Re: [新聞] 市場情緒悲觀，A股遊戲股早盤續挫,"
最白癡的是這群人同一套作法已經在過去三年把自己國家經濟玩死了，然後他們腦殘到好像
不知道問題出在哪裡一樣，每一次都搞一樣的東西

論本質，他們的執政黨其實腦袋就沒有法治 自由 市場機制這一套，一切就是想到哪做到哪
，跟狗咬尾巴一樣愚蠢，然後決策同溫層厚到不行，腦袋正常的中國人也已經沒辦法影響維
尼決策圈的意見了

你覺得一個國家高層，每次都要像是白紙革命那樣各省響應才能變更作法，到底有什麼改革
希望？

只是反正維尼總會死，有生之年的確可以看到中國在他手下慢慢腐爛，畢竟崩潰是不切實際
的，但腐爛的這長時間的痛苦是中國人自己在過去一直退讓自己權利要承擔的業報

--
",I don't know what you are talking about.
Re: [閒聊] 白蓮教的教主是怎麼讓信眾義無反顧啊？,"我推薦你看一部武狀元蘇乞兒

「丐幫有幾多乞兒係由你決定」

如果皇帝英明神武國泰民安
誰吃飽了撐著要去當乞丐

-----
Sent from JPTT on my Asus ASUS_AI2302.

--
",I don't know what you are talking about.
[討論] 以前漫畫的35歲男性 現在的,"以前漫畫的35歲男性 現在漫畫的35歲

好像真的是這樣耶
毛利小五郎38歲
但現在漫畫的38歲角色已經不會畫成毛利這樣了


--
",I don't know what you are talking about.
[閒聊] 岩本佳浩 洛克人X聖誕賀圖,"作者：岩本佳浩 @iwamoto_yoshi


老師：啊啊啊啊，日期寫錯了啊w
      在回覆前都沒注意到
      只有確認是不是2023年，沒想到日搞錯了> <



壽屋獵鷹鎧甲預購賀圖



然後AMAZON上老師畫的洛克人X系列漫畫電子版發售中

--
",I don't know what you are talking about.
[Holo] 寶鐘瑪琳聖誕節想跟佩可拉一起吃炸雞,"
熊瑪琳正在津津有味地吃著熱熱的炸雞和披薩
@yami40oji

此時，佩可拉還端上了剛做好的義大利麵

熊瑪琳吃得好開心啊！

賢慧的佩可拉，看著聖誕樹，露出了欣慰的笑容。

這是熊瑪琳掛在聖誕樹上的卡面裡面所寫願望─
        想跟佩可拉一起吃垃圾食物

最後還有好吃的蛋糕呢～!

外面天氣很冷，但PekoMarine卻令人感到溫暖無比
@kano09x

@06a91_

@1219_yusuke

PekoMarine結婚真是太神啦！
@KisaNiyaV

@blueta9810

@my_my_tsumuri

@amane_unkai

--
令人心跳加速的購物旅程
原出處：https://twitter.com/Hairi_1617/status/1521780942221631489

--
",I don't know what you are talking about.
Re: [閒聊] 急了（by 桃井,"說到急了

今天聖誕節

狼師沒有人約

被小桃戳破後，只能悻悻說出：我、我是有事情所以才沒答應其他人的邀、邀請的

小桃：

 https://i.imgur.com/OnBYisE.jpg

祝福各位聖誕節快樂

各位別急

讓我先急

我本子畫不完了
----
Sent from BePTT on my iPhone16,2

--
",I don't know what you are talking about.
[陸漫] 救命是救人還是修仙 ,"陸漫很多有錢人的兒女長輩都有絕症
但是各大名醫都救不了
可是主角剛修仙下來
那些凡人的絕症
摸兩下
札兩針就好
然後就感恩待德
所以到底是修仙還是治症

--
你跟我講這些有啥用 我啥都不知道

--
",I don't know what you are talking about.
[閒聊] 今日の曹操,"
----
Sent from BePTT

--
",I don't know what you are talking about.
"[閒聊] 日本歷年電影票房排名,日本電影前幾名全是動畫","
第一名就是鬼滅 無限列車
第二名則是神隱少女

前十名的電影,日本國產電影也只有「大搜查線2 THE MOVIE 2：封鎖彩虹橋」是真人電影
,而且還是日劇衍生劇場版

完全是純屬原創的日本國產真人電影,票房最高的也就1983年的「南極物語」


怪不得有人敢說日本電影如果扣除動畫電影,根本沒得救了

--
「何というかな。ああ、生まれて来てよかった、そう思うことが何べんかあるだろう
。そのために生きてんじゃねえか。そのうちお前にもそういう時が来るよ、な？　まぁ
、がんばれ」。

                                              男はつらいよ 39作目  寅次郎物語

--
",I don't know what you are talking about.
[原神] 太抽象了 雨傘變魚傘 ,"b站連結
太抽象了
新角色娜維婭拿雨傘
但是可以卡一些有趣的bug
變魚傘
太抽象了
這bug

--
你跟我講這些有啥用 我啥都不知道

--
",I don't know what you are talking about.
[閒聊] 聖誕明日小路,"
--
",I don't know what you are talking about.
Re: [閒聊] 白蓮教的教主是怎麼讓信眾義無反顧啊？,"其實不用在意白蓮教
你讓百姓過上好日子
老百姓自己就會忘記白蓮教
可是如果一天不如一天
買不起房
結不起婚
生不了小孩
老百姓就會自發地去教堂門口排隊
把心裡的委屈說給教主聽

-----
Sent from JPTT on my Samsung SM-S9010.

--
",I don't know what you are talking about.
[Holo] 與FWMC的聖誕節,"
選項：甜甜圈

應該不會有人選「我很忙」吧

應該不會有人選「我很忙」吧!!?!?!?!

狗狗把環境弄得一團亂，應該教訓一下

聖誕快樂

請問這款遊戲叫什麼名字，什麼時候開賣

--
",I don't know what you are talking about.
[死神] 久保：代理死神是有薪水的,"
一樣出自FC的問答

等一護死後發現自己在屍魂界有一筆錢不知道是什麼感受
不過都有薪水了不知道有沒有幫他保勞保

-----
Sent from JPTT on my Samsung SM-A146P.

--
",I don't know what you are talking about.
[閒聊] 小美老師如是說 35 又偷做菜,"



東立電子書














聖誕節，小美代邀請兩位老師朋友到家裡享受了豐盛的大餐



沒想到三個女生居然能把火雞嗑完 (伊胡里貢獻估計過半戰力)

小美代：誰跟你單身.....


最屌的是，整頓大餐其實是師丈先幫忙八成的，小美代只負責加熱收尾

不只幫忙把食物準備好、人還自動消失(其實是去加班)，超級貼心


這絕對是收了什麼好處的吧！？








已經微醺的怜奈美沒想太多，問起大家的平安夜如何渡過

小美代表示


除此之外，她們還看到班上的女學生一個個都在上傳cosplay相片、不亦樂乎

怜奈美就又開始碎碎念了

然而猛然間，她察覺自己該不會其實是在嫉妒


於是就叫伊胡里去拿她們事先說好要買的cosplay服








其實就只是普通的健全聖誕服而已，大家穿起來都很可愛


然而小美代說溜嘴，說她自己也有一套，讓怜奈美直接往主臥房走去突襲

小美代腦中想起自己穿著那套cosplay服時(就是昨天)，到底都做了哪些事.....


最後怜奈美對小美代的私藏聖誕服很滿意

然而一個不注意，底下又掉出一套謎之成對的夫妻內褲


幸好小美代手腳快，趕快把原味內褲都藏起來








回到客廳，伊胡里已經睡癱了


把她挖起來後，女孩們享受了充實又快樂的女士聖誕夜










直到隔天，伊胡里又在群組重砲狙擊w

怜奈美：J啥？


















媽的！又偷做菜！


欸幹不對啊，人家人妻是光明正大做菜的欸！！


而且師丈做完菜隔天還幫大家做菜(物理)！！


笹舟美代香，你、你...你這個....









--
她或許搞砸大小差事，但有件事卻唯有她能做到:
「每天都如此真誠而發自內心地歡笑」
我願信奉這 用全世界才智也換不來的樂天、純真、坦然
我願信奉阿克婭大人，我以身為阿克西斯教徒為榮

--
",I don't know what you are talking about.
[閒聊] 替身叫O I Want For Xmas Is U會有啥能力,"今天是一年一度的聖誕節

不過瑪麗亞凱莉早在幾個禮拜前

就開始在洗大家的腦了

這首歌從1994年發行

算起來也已經聖誕洗腦洗了29年

這種功力拿來當作替身名字的話

應該會比天堂製造還強吧

如果替身叫All I Want For Christmas Is You會有什麼能力？

是不是跟增幅過的X教授一樣全地球心控？

--
",I don't know what you are talking about.
[龍拼] 山本大介 裏億兆通關,"
山本大介
@DaikeYamamoto
おはようございます
裏億兆クリア！やったぜ



自己出的高難挑戰 自己示範過關！
有會親自玩遊戲的製作人
龍拼玩家真是太幸福了呢～

那麼 這個三美鋼 要去哪裡領呢...?

--
",I don't know what you are talking about.
[閒聊] 一開始的藍白絕對強過後來的紅白吧,"大家聖誕節快樂

有一起在巴尼陣亡紀念日複習0080口袋中的戰爭來弔念嗎


突然想到NT-1除了我們熟知的藍白配色以外

之後的MSV設定中還揭露了紅白配色的NT-1原型機

RX-78NT-1 鋼彈 NT-1 原型機
出自雜誌《Model Graphix》1989年11月號由機械設計師明貴美加發表的原創配色, 此機被
設定為鋼彈 NT-1 被送往 SIDE6 殖民地後, 奧古斯塔研究所為蒐集機體資料而建造的實用
試驗機, 其規格與鋼彈 NT-1 完全相同, 但為了讓人混淆外觀而將機體塗裝成和 RGM-79 吉
姆相似的配色


同樣也有配有喬巴姆裝甲


相較下來藍白配色是不是好的多了, 肯定強過綠色的薩克II改
可以讓吉翁軍聯想到聞風喪膽的白色惡魔, 而不是紅白配色的雜魚吉姆

大家怎麼看?


--
",I don't know what you are talking about.
[閒聊] 病嬌跟溫柔AZKi  喜歡哪個？,"最可愛的
百鬼大小姐
昨天的AR Live又是超級可愛
她看自己的劇情還害羞的躲起來XDD
不過看別人的就很嗨
可愛的宇佐美瑞希
她連載了這麼久
還真的都沒有在過節日的XD
美術社宇宙可能跟我們不一樣

大家都喜歡的
AZKi
昨晚的重頭戲就是她的ASMR！
先是來病嬌劇本
她開口那超冰冷的口氣所有觀眾都嚇到XD
劇本寫的超病又很適合她
真的是把男友動向全都抓死死的病嬌女友
可是卻莫名真的感覺不想離開她！？
會限才回到平常的AZKi
開場就笑大家剛剛是不是做惡夢了XD
會限的AZKi就溫柔又甜蜜了
不過這場器材有問題一直攻擊耳膜
觀眾都在笑是病嬌AZKi壓不住了XDD

大家老實說
AZKi
@LOELgoodspring
大家覺得喜歡病嬌還是溫柔的AZKi？

病嬌這場
真的一定要聽！！


--
",I don't know what you are talking about.
Re: [情報] Alphamax 春日野穹 浴衣Ver. 近期預約,"



單馬尾好奇怪喔

10.5cm

22000日圓

2024/05


--
",I don't know what you are talking about.
[閒聊] 現在的迪士尼會怎麼拍間諜家家酒？,"


前陣子星願跟間諜家家酒合作出了個宣傳影片

不禁讓人好奇

要是讓現在的迪士尼來拍間諜家家酒的話

會做出哪些有趣且富有意義的小更動呢？

--
XTrinity

--
",I don't know what you are talking about.
[閒聊] 聖誕老人送禮物給乖小孩,"
今年有沒有當個好孩子呢？







好孩子才會有禮物喔！




我逐漸理解一切







-----
Sent from JPTT on my iPhone

--
",I don't know what you are talking about.
Re: [閒聊] 白蓮教的教主是怎麼讓信眾義無反顧啊？,"其實古代這種造反教
常常都只有一個地區一小搓人

但拉起一小群人之後
會到處搞破壞

賊寇四處流竄

經過一個地方就砸爛  搶光燒光
把那個地方搞臭 破壞

原本那邊的人過得好好的
也會被一起搞臭
活不下去只好一起反  被裹挾

然後就跟雪球一樣越滾越多

原本問題可能沒那麼嚴重

反賊到處亂搞搞到一片糜爛

造反教常常才是真亂源


※ 引述《SweetRice (米唐)》之銘言
: 其實不用在意白蓮教
: 你讓百姓過上好日子
: 老百姓自己就會忘記白蓮教
: 可是如果一天不如一天
: 買不起房
: 結不起婚
: 生不了小孩
: 老百姓就會自發地去教堂門口排隊
: 把心裡的委屈說給教主聽


--
",I don't know what you are talking about.
[閒聊] 高齡化後的異常成年單身男性的平安夜,"
Up主：從那個時候開始就一直停止不變。


—————


這哪有很異常….慶生不也都這樣嗎



….


….


…


對吧？(O_o)



大多宅宅會變得應該只有老婆而已（喂

--
",I don't know what you are talking about.
[創作] 杏仁ミル 聖誕短動畫,"畫了一個小小短動畫，聖誕快樂各位!






現在都在這，歡迎追隨
推特: https://twitter.com/Prayblessingtw

--



--
",I don't know what you are talking about.
[僧煩] 聖誕節,"

「好吧，看樣子，今年不會出現呢。」

-----
Sent from JPTT on my iPhone

--
我的廢文 我的做人
我發廢文坦蕩蕩

--
",I don't know what you are talking about.
[閒聊] 小說 機動戰士鋼彈SEED FREEDOM,"上卷 2024/1/30發售


上卷封面

--
",I don't know what you are talking about.
Re: [哥殺] 救回來的冒險者懷孕了怎麼辦 ,"其實這些哥布林根本就是異形吧

搞不好哥布林根本沒有讓女性受孕 而是把胚胎透過懶覺狀的輸卵管植入母體完成寄生行為

哥布林胚胎也跟異型胚胎一樣會吸收部分母體的遺傳因子 但產出來的東西依舊是哥布林

差別只在於異型胚胎直接寄生在胸口 所以破胸之後宿主就直接死了

不過哥布林把寄生點選在女性子宮 能讓母體作為可重複使用的宿主 不會生一次就把母體宰掉 這方面哥布林進化的還比較完整

另一個差別是異形的寄生還要透過抱臉蟲 不過他們的異型卵可以在極端環境上保存很長的時間 而哥布林的寄生裝置直接就長在自己身上了 這邊很難說孰優孰劣

其他寄生模式就都差不多了 這些哥布林絕對就是異型吧==

--

--
",I don't know what you are talking about.
Re: [閒聊] JK大車隊,"※ 引述 《magicalwind (三玖軍總司令)》 之銘言：
: 　
: ※ 引述 《magicalwind (三玖軍總司令)》 之銘言：
: : 　
: : ※ 引述 《chshsnail (廢柴大叔蝸牛)》 之銘言：
: : : 　
: : : ※ 引述《magicalwind (三玖軍總司令)》之銘言：
: : : : https://i.imgur.com/PlKhfqO.jpg
: : : : 正太手機壞了要去修理
: : : : 大姐姐現在沒事 陪你一起去吧
: : : : 上次買遊戲機 這次是修手機嗎
: : : 　
: : : https://twitter.com/_skyfreedom_/status/1731565919686869496
: : : https://i.imgur.com/JpikKt0.png
: : : 　
: : : 小正太因為考量預算關係所以打算拿去修
: : : 　
: : : 結果大姊姊說如果幫她一個忙就送一支新手機給他
: : : 　
: : : 　
: : : 　
: : : 　
: : : 　
: : : 小心啊!!!她這是要騙你尿尿的地方!!!
: : https://i.imgur.com/ZSChVow.jpg
: : 大姐姐最近有點困擾
: : 需要弟弟你的幫忙呢
: : 有關欸取的事情哦
: : 　
: : 大學姐連演都不演
: : 直上撞車宣言
: : 小車 危
: https://i.imgur.com/CxASCur.jpg
: 過渡回
: 大小車衝出邊坡
: 　
: 右下角包包頭XD
: 　

大車學姊彈出超大安全氣囊
這連身洋裝有夠色
--
",I don't know what you are talking about.
[討論] 天賜技能無限扭蛋 4,"
原標題太長了
直接縮減成這樣

東立出的速度還蠻快的，大概每三到四個月一本吧
日本那邊現在是八集

第四集分成兩部份

第一部份主要是萊特剛召喚出梅伊，以及在奈落最底層建立據點的過程

大概重點有：
1. 梅伊誘導萊特，兩人天天一起泡澡

2. 萊特有抽出許多高階卡，但自己等級還不夠，高等的還只有梅伊
據點也還沒建立，所以都沒有顯現出來

3. 梅伊認為世間所謂的等級限制應該只是因為升等時的超高經驗值門檻
而人族到達這個門檻所在的等級比較低，所以其他種族就認為人族很廢

4. 萊特剛開始是由梅伊先將魔物綑綁，由萊特丟石頭K，藉此取得經驗值升等

5. 萊特初期的武術等是由梅伊手把手教導，後來才由其他9999等的教導

6. 萊特在4000等時去挑戰奈落的迷宮主，等級有5000，打敗迷宮主

7. 打敗迷宮主取得迷宮核後，才召喚出第二個9999的禁忌魔女艾莉來解析迷宮核

8. 打造奈落的王座之間時，原本部下預定要做個3米高的萊特像放在王座後面
萊特少見的動用命令，下令移除，改由旗幟取代



第二部份接續第三集的後面
發現萊特的妹妹小夢在人族的王女那邊當實習女僕
萊特打算將小夢接過來，因此計畫與王女見面

大概重點有：
1. 艾莉從小夢的記憶中推測當時襲擊村莊兇手，應該是人族，但等級高達9000

2. 小夢與大哥當時是逃跑時掉入河中，小夢被王女發現，大哥可能是漂到下游

3. 萊特主要目的是接小夢過來，但擔心會被人發現之間的關係
所以以巨塔魔女的名義約王女過來巨塔這邊參觀，但故意找理由要小夢陪同

4. 之前都提到萊特使用密技來讓他的無限扭蛋技能自動運行
這集說穿了，就是轉出有製造分身能力的卡片，因為是連技能都可複製但能力較低
由分身24小時不停轉蛋

5. 利用這個分身卡片讓小夢也做出分身，本尊留在奈落

6. 萊特與王女私下會面，萊特跟王女說明他的目的，因為商談時間會很久
王女也用分身卡片留在奈落，不過討論結束後回去人族國家

7. 萊特送給王女一推高等級卡片以及大量金幣，金幣暫存在商人那邊

8. 人族國家的國王是由其他種族投票決定，王女想要當下期國王
萊特決定幫忙，要拉攏其他種族，妖精女王國那邊已不是問題

9. 黑暗妖精那邊的後續，黑暗妖精四大家族族長想要暗殺巨塔魔女
當然被反殺，四大家族族長都被替換

10. 下個目標是鎖定鄰境的矮人族



這部的網路版竟沒人翻譯，只有東立的繁體小說版可買

歡迎知道後續的雷我

--
",I don't know what you are talking about.
[Vtub] neuro的烤肉怎麼偏少,"烤肉看完了

現在在看直播

但英文看不太懂

看神經大人一直嗆老爸到他啞口無言好有趣

聊天室一直KEKW

哪裡有更多的切片烤肉啊

這種一直講卻很多內容感覺可以上很多片啊

--
",I don't know what you are talking about.
[Vtub] 星街一張,"
幹ㄙ...ㄜ...幹 先不要

我看妖怪推特十二月好像也沒合作啊

這圖什麼意思

合作預告？

--
",I don't know what you are talking about.
[問題] 今天12/25是什麼日子？,"發生的事還真多啊
希望過節的各位引以為戒
有沒有掛
 https://i.imgur.com/uEIDVRJ.jpg
----
Sent from BePTT

--
",I don't know what you are talking about.
[情報] 桃太郎電鐵世界新作銷量突破1百萬套,"由於原文太長，修改了一下。原文標題《桃太郎電鐵世界～地球圍繞著希望轉動！～》銷
售量達一百萬套。

這系列在日本真的超強，是除了任天堂外少數可以破百萬的IP。

消息來源：https://home.gamer.com.tw/artwork.php?sn=5852833

  由Konami在Switch平台上發售的《桃太郎電鐵世界～地球圍繞著希望轉動！～》，官方
宣佈遊戲銷售量達1百萬套。同時也在官方X上宣布前作《桃太郎電鐵 ～昭和 平成 令和
也是基本款！～》銷售量累積至4百萬套囉。

  《桃太郎電鐵世界》系列是日本的大富翁遊戲，玩家要經營鐵道成為日本第一的大富豪
。本次的舞台延伸到世界五大洲，讓玩家有更廣大的世界地圖可以選擇，同時也會有當地
的歷史人物登場，協助玩家喔。

  《桃太郎電鐵世界～地球圍繞著希望轉動！～》於11/16在Switch平台上好評發售。

--
",I don't know what you are talking about.
Re: [BGD] mygo祥子cp圖貼貼,"聖誕節真的好強
正在考慮是不是祥子單獨拆一篇

初祥

睦祥
【睦祥手書】ちょっかい問題

睦祥初

喵祥

燈祥

愛祥燈(羽丘1年級組)

Ave Mujica

其他雜圖
等等，你們兩個人有在聽嗎

--
睦祥聖誕節活動(微博)

--
",I don't know what you are talking about.
[ＳＣ] 今天是283雙子 甜花跟甘奈的生日喔,"聖誕快樂

and

生日快樂



















生日快樂

甜花、甘奈

姊姊妹妹都超可愛的











題外話啊

我覺得要攻略大崎家的正確方式就是""我全都要""

只喜歡甜花或甘奈其中一個是不行的

她們兩個在一起才是最強的

只選一個都會走入BE 大崎姊妹就該是全都要

一家人就是該整整齊齊的


--
",I don't know what you are talking about.
[閒聊] Miko是不是一個好前輩?,"Miko

有馬紀念中了七十萬回本後

拿出84萬日當聖誕人想送同事禮物

雖然這也都是意外之財

但是願意拿出一筆錢這樣送給同事後輩 真的超級好

大家開開玩笑做作效果

一個人基本上還是送了平均兩萬日的禮物

大概也有四五千塊

講真的要你送公司後輩送四五千塊的聖誕禮物

哪怕是你中了大獎也不一定願意吧

原本還真打算送音乃瀬奏一組要價台幣一萬二千多的錄音介面


這樣的miko

是不是一個好前輩?

--
",I don't know what you are talking about.
[閒聊] 要怎麼對付會吸能量的對手？,"
幽遊白書四聖獸白虎

七龍珠普烏篇那個名字忘的

遇到這種吸收系的解法是繼續餵他能量把他灌爆


啊那靈力或是氣不足的怎麼辦？

或是對方不跟你囉唆，此消彼長直接打爆你怎麼辦？


有其他破解方法嗎？


--
",I don't know what you are talking about.
[閒聊] 你跟我說這是宿儺的手指?,"虎杖是怎麼吞這麼大一根的
大家覺得還有什麼食物可以跟咒術聯名?
-----
Sent from MeowPtt on my iPhone


--
",I don't know what you are talking about.
[閒聊] 真的能接受拆祖厝嗎,"說的是鋼鍊啦

艾力克兄弟出發前一把火把老家燒了
既是讓自己沒有退路
返鄉也能順理成章跟溫莉同居

巨人裡主席的房子倒是被拆得差不多了
但地下室還是埋著重要的東西

從小紮根長大的建物，對於一個人來說應該還是滿重要的
不過也不是不能理解矮豆，在那棟房子可能怎麼樣都睡不好

大家是矮豆的話會拆嗎

--
",I don't know what you are talking about.
[問題] 誰能跟我講一下為什麼鼠神將人氣高成這樣,"

昨天看GBF FES

感覺營運除了有意把天空藍系列拿出來炒冷飯

另外就是很大力的強推碧卡拉，連播工作人員清單時都有鼠耳在晃來晃去

號稱鼠年之後，年年都是鼠年

幾乎是看板娘待遇


我入坑也有一陣子了

把人設左看右看 實在不知道為什麼人氣硬是能壓過其他神將一截

身材不突出，性格又內向的普妹

大概就戴上耳朵會變身成陽角這點比較有梗


...恩? 這樣就能打到點嗎?

還是有什麼我沒注意到的地方咧

--

雀食

--
",I don't know what you are talking about.
[閒聊] 長門有希意外的很像楊丞琳,"
妾
文思泉湧
剛好想到
具有知性美的女配角
長門有希
她的氣質、冷靜、眼鏡形象
意外的與知名女星楊丞琳
十分神似
簡直如出一轍
令我非常震驚
難道長門有希算動漫界的楊丞琳嗎！
如何？

--
",I don't know what you are talking about.
[愉悅] 凜 這是我送你的聖誕禮物,"
誰送誰被捅！

--

--
",I don't know what you are talking about.
[閒聊] 巴尼不反抗就不會死了吧,"

明明聯邦拳頭這麼大

吉翁就是個鼻屎大的殖民地
還一直挑釁聯邦

如果當初吉翁公國大家一起投降

跟聯邦合作賺大錢

不是巴尼就不用死了嗎

--
",I don't know what you are talking about.
[閒聊] 湖池屋 推出「海德林飛踢蠻神」洋芋片,"
舔地板法式清湯口味

「舔地板法式清湯口味」聯名洋芋片預計在 1/10 中午 12 點（日本時間）起開賣，一份售價為 1,980（含稅）日圓，內含六包洋芋片（三種包裝）

-----
Sent from JPTT on my iPhone

--
",I don't know what you are talking about.
[蔚藍] 佩洛洛大人牠........,"昨天公布的可變形產品

給昨天沒看生放送的老師
這東西是這樣變形的



所以就有了下面的創作......



--------

--
",I don't know what you are talking about.
[問題] 有沒有信賴清朝、忠心耿耿的動畫角色啊,"乳提

最近看藥師少女的獨語 被可愛貓貓萌到惹

可是看這種架空中國風就不太過癮

本肥宅想看 那種改寫清朝歷史der

都說清朝末期 腐敗無能 朝廷缺德不仁 革命聲四起

有沒有這種缺德不仁的朝廷下 還忠心護主的動漫角色啊

這種人想必也是很掙扎矛盾

跟魯魯修前期的朱雀一樣

想著進去體制裡改變國家 但只能對腐敗視若無睹

然後抓著想要革命的勢力打 說著為惹我大清之類的

想想就是個可愛迷人的反派角色 讚捏

有沒有這樣的作品跟角色啊？

對啊

--
",I don't know what you are talking about.
[Holo] 角卷綿芽給綿友帶來了聖誕禮物,"
角卷綿芽給綿友帶來禮物囉！

就是綿芽自己 >D<
@shibakarenasu

這樣打扮很可愛吧～
@nekomarunekoko

一起享用豐盛大餐！
Yummy yummy! 連窗外的獅白都流口水了呢～
@F_mmmnkm_paint

吃飽飯之後，在綿芽懷中，聽著她雜談
@WDKURAGE

夜漸漸深了

睡覺前，是不是還有一件事情忘了？
@tsuna_tsu7

還沒有吃聖誕夜的夜點呢！
@yumin86mochi

在那之前，一起洗澡澡吧
@CARMEN_KIRUYA

洗完澡後

綿芽也興奮地流出綿芽汁了
@ito_egumu_edo

之後就是○的六小時 >/////<


今天晚上8:20pm 綿芽將為大家獻唱喔！
わためりークリスマス！Singing Stream！
Link: https://youtu.be/pyHlVmSZMNs

讓綿芽在聖誕節把喜悅帶給你們吧～^^
@nyas0123

@kazuhane2

@mahiru_yoruno

@nns_99_

--
角卷綿芽Line貼圖上市囉～
24種可愛貼圖，只要30元！
購買連結：https://t.co/lNGU5jN7b2

--
",I don't know what you are talking about.
[閒聊] River漫畫 點穴,"[River's 543+] 點穴

本來想附示意圖的，想想還是算了

過勞死 (2003)

不用學北斗神拳點穴也能達到秘孔的功效


北斗有情破顏拳

--
",I don't know what you are talking about.
[閒聊] 凜，這是我送妳的聖誕禮物,"【聖誕節快樂，凜，這是我送你的禮物】

＼Azoth劍／

--
",I don't know what you are talking about.
[閒聊] 現在美軍還能造船像下水餃嗎？,"乳體

珍珠港偷襲之後，美軍宣布加入ww2，接著全力投入造艦，三年時間造出了124艘輕型航母
、24艘大型航母，還有中小型戰艦近5000艘。

如果現在又有人偷襲美國重要軍港，擊毀大多數美軍艦艇，還有辦法這麼快的下水餃嗎？

畢竟現實不是 戰艦世界吧？


--
",I don't know what you are talking about.
[悲報] 帶人偶老婆出門 海邊拍照時被老鷹抓走了,"
日本人偶玩家「翠騎（すいき）」

日前帶著自己的人偶老婆「娜娜」到海邊拍照

卻突然出現一隻老鷹 把娜娜抓走了

娜娜已經陪在他身邊16年了

現在只剩下一隻腳

他在推特上發佈協尋公告

希望如果有人撿到可以聯絡他 即使只是碎片也沒關係


心得：太慘了 痛失老婆

--
",I don't know what you are talking about.
[閒聊] 織田信長有想要廢除日本天皇?,"大家都玩過信長之野望
鐵砲隊殺起來很爽

雖說天下三人來講
織田信長是最出格的
流放幕府將軍以下犯上
火燒比壑山成為佛敵

思想過於前衛
甚至有朝廷黑手煽動明智叛變一說

但回頭想想
織田作這些事都有情勢緊急之由
無代無誌也不會自找麻煩

換成中國
早就幾人稱帝幾人稱王
但日本天皇萬世一系
織田真的有這動機嗎


--
",I don't know what you are talking about.
[閒聊] 聖誕節哪個最悲慘,"
如題

神奈川電視台的北歐船




自爆五小強的 聖誕節加班



阿爾 不要去怨恨任何人



桐人聖誕快樂




昨天晚上又把0080拿出來複習

還是看到哭出來

巴尼 任務結束了 不需要戰鬥了

--
",I don't know what you are talking about.
Re: [閒聊] 白蓮教的教主是怎麼讓信眾義無反顧啊？,"※ 引述《yniori (偉恩咖肥)》之銘言：
: 如題
: 這是白蓮教的老大
: https://i.imgur.com/uime7EE.jpg
: 這個是白蓮教信眾
: https://i.imgur.com/vyc0w1m.jpg
: 那白蓮教的教主到底是怎麼讓這些白蓮教信眾幫他敲鑼打鼓宣傳造勢
: 甚至讓這些信眾義無反顧的拼一次啊？
講真的答案，

就是你不願意面對的事實，

有人回了正解，你也不敢看解答。

別說白蓮教了、義和拳、黃巾賊…..

這些已經成為有信眾的集團，

已經跟一般的盜匪或妄圖篡位的反賊不同，

這些多半不像一般盜匪謀財為核心，
也不像反賊有規劃奪權，

基本上都是被國家執政失敗所迫，
因為被執政者迫害到只剩下信仰可以撫慰心靈，

所以這些人特別痛恨那種協助暴政，
幫皇朝護航說皇朝好棒棒、
顛倒是非把金玉其外敗絮其中的狗官吹成好官，
的無恥之徒。

但我臆測，
你其實不希望有人回答出真正的答案，
你只是希望接下來的回文有人可以發酸文。
-----
Sent from JPTT on my iPhone

--
",I don't know what you are talking about.
Re: [新聞] 市場情緒悲觀，A股遊戲股早盤續挫,"※ 引述 《hui000807 (Santa)》 之銘言：
: 　
: https://i.imgur.com/zt1QuoP.jpg
: 　
: 最白癡的是這群人同一套作法已經在過去三年把自己國家經濟玩死了，然後他們腦殘到好
像
: 不知道問題出在哪裡一樣，每一次都搞一樣的東西
: 　
: 論本質，他們的執政黨其實腦袋就沒有法治 自由 市場機制這一套，一切就是想到哪做到
哪
: ，跟狗咬尾巴一樣愚蠢，然後決策同溫層厚到不行，腦袋正常的中國人也已經沒辦法影響
維
: 尼決策圈的意見了


我覺得最好笑的是，中國各大論壇一堆自稱玩家的支持控管，如果你反對控管就說你一定是
炒股的。


他們一直有一種幻想是，如果今天遊戲公司不做課金手遊，就會改卷玩法，然後就能產出一
堆他們想要的精品3A了。


問題3A大作製作時間這麼長，短的兩三年（兩三年可能還是ubi那種罐頭開放世界才能做這
麼快。不然就是EA那種球類3A，每年換個名單就當新遊戲賣。），長的十年以上都大有人在
，像GTA6距離GTA5就超過十年了。


我們取個中間值，算3A遊戲做個5、6年好了，你能保證5、6年內中國不會出台任何打擊單機
3A的政策嗎？


股票某種程度上就是反應市場的信心，還有市場投資的熱絡程度，現在投資遊戲的人對這產
業沒有信心，這幫自稱玩家的竟然叫好，我真不知道他們在想什麼？


今天中國遊戲市場會那麼畸形也是他們造成的，像遊戲主機禁令就持續14年之久了，從2000
年-2014年，差不多是主機界最輝煌的年代了。


那個年代，單機遊戲主要市場就是主機，沒有主機了，當然只能去做PC遊戲，然後PC單機也
一堆被中國盜版殺死，所以就做免費遊戲，這些免費遊戲的收費機制又被搬到手機上，形成
今天的中國遊戲市場。


然後中國除了政策問題，他們的玩家普遍也沒什麼錢啦。買台遊戲主機可能都超過他們很多
人半個月的收入了。之前Party animals一堆中國人洗負評，說售價很貴，我看了一下價格
，400多塊台幣，嗯……這樣也貴？


他們的單機玩家也是出張嘴居多啦，每個都說要支持國產單機，結果幾百塊都花不起。之前
還有個調查說願意花多少買黑悟空，我看到一堆都講100多人民幣而已。


政策+市場問題，那當然只剩課金遊戲活得好啊。自己把自己的市場搞成鹽鹼地，再來怪為
什麼種不出莊稼，不是很好笑嗎？


還有一堆人講倒逼精品，倒逼出海，這招這麼有用，趕快把中超廢了，國足全部趕去五大聯
賽，想必國足一定能起飛。

--
",I don't know what you are talking about.
[閒聊] 燈做錯了啥啊,"小妹我剛看買夠

祥子找了燈組團

非常喜歡燈的詞 邀請燈當主唱

然後live 完後 上一秒很感動

下一秒 看了網路評論 馬上變臉

之後就不來練習了 一來團練就是宣告退團

還噴燈怎不滾去練習

阿燈做錯了啥ㄚ 又沒有抓蟲蟲給祥子

燈啥都沒錯吧 怎這麼突然

我很好奇

--
如果有一天回到原來的世界
我一定會想辦法再一次跟你相遇
然後再喜歡上你


--
",I don't know what you are talking about.
[23秋] 黑暗集會 25 END,"

夜宵跟詠子到螢多朗家說明目前的狀況 順便裝了監視器

單就螢多朗的房間就裝了這麼多 特別是床周圍

到底多想看螢多朗睡覺www

詠子：我也是不得已啊！

放屁 你那是饞她的身子.jpg



夜宵不知道是哪來的靈感

想了一套在京都內製造詛咒 再透過紙人轉移到蘿莉控神身上的方法

以此削弱其力量 增加己方勝算

但布置詛咒前還得跟當地的惡靈們戰鬥 光想都覺得累w



愛依期待著螢多朗他們的探望 那晚就做了惡夢

本來在教堂穿得漂漂亮亮的

發現阿姨早就去世後突然場景大變

衣服被鬼手撕爛 換成白無垢

然後遭遇一連串可怕的事 最後聽到蘿莉控神的預告

蘿莉控神真的很惡質 重婚又喜歡娶小妹妹就算了

幹嘛要把人家搞成那樣？

一看就是個熱衷物化女性的收集癖重症變態= =



夜宵她們去回收畢業生時也去找H城址小姐姐幫忙

她的能力是發動詛咒轉移的關鍵

姐姐說

她說的是哪方面的朋友？ 想找花魁當酒友嗎？



準備萬全後 夜宵三人前往京都！

目前動畫做到這裡

要出二期的話至少也得等到漫畫弒神完吧

--

我老婆的小屁屁有夠讚!

--
",I don't know what you are talking about.
[閒聊] 用單詞作為人名的感覺,"

最近看某部不錯的作品，

突然有點好奇

若作者用某一個國家的單字作為人名，那麼對那個國家的觀眾來說，

看到時會有怎樣的感覺?



舉例來說，

若藏馬名字改為花朵、趙靈兒改為鐵、李逍遙名字改為天國、

林月如改為凍結。

那麼該國讀者聽起來可能像是: ""天國究竟喜歡凍結，還是喜歡鐵?""



猜測一下，

若該國也有人取這種名字，那也許聽起來ok?


像是有人姓劉、名字叫劉鐵之類?

陳凍結? 林天國?


--
",I don't know what you are talking about.
[FF14] 好狐終於把FF14 6.0跑完了 ,"如題


好狐在昨天終於把6.0跑完了

每次我都會去找關鍵片段看好狐的反應

這次這段就是

1.走階梯 看黑影

2.阿梅登場

3.阿梅嗆光呆

4.基友登場

5.終末之戰

6.基友互A


每段好狐的反應都很符合我的期待XDD

尤其是嗆光呆：我...看過哦

那段 好狐一整個：蛤？？？這是在炫耀？？？



最後終末之戰 BGM響起時真的看幾次都雞皮疙瘩

打完接到基友互毆 記得自己玩那時真的全身熱起來 超棒 畫面也超美

基友雖然整部戲都很雞掰

但最後的最後....雖然也沒洗白 但最後一戰是真的對他沒那麼反感了

只是被放置在那真的很哭w




同場加映

5.0結尾 阿梅QQ


5.X結尾 阿梅QQ
光呆戰



只能說阿梅真的塑造得太棒了.....

5.0結尾那段我看了不下50次

「那麼　給我記住了　我們.....確實存在過。」


啊啊啊啊啊啊





--
",I don't know what you are talking about.
[Vtub] TanZ Valentine Party in Taiwan ,"
從未忘記過台灣觀眾帶來的溫暖

實現與你們的約定

一起度過這場2024年的情人節派對



用獨一無二的歌聲閃耀演唱的寶石系2.5次元Vsinger —TanZ

將帶著『麻辣燙』的夥伴們「メルユ（Meruyu）」及「まゆる（Mayuru）」

來台灣舉辦與大家約定好的現場演唱會囉！


TanZ's Valentine Party in Taiwan

麻辣燙 參上！



期待與你相見，共度一場永生難忘的快樂情人節♡



 節 目 內 容

日　　期｜2024/2/18(SUN)　

午場：整隊11:30 / 開始12:30 (GMT +8)

晚場：整隊17:00 / 開始18:00 (GMT +8)

地　　點｜Corner House角落文創展演空間

（115台北市南港區忠孝東路六段21號1樓）

主辦單位｜黑子娛樂有限公司

票　　價｜S（附贈品） NT$1,200 / A（一般入場） NT$800

購　　票｜KKTIX

啟　　售｜2023/12/27 (三) 中午12:00

■ 若有任何問題，歡迎留言或是透過電子郵件[email protected]與主辦單位聯絡。

■ 有關本次演出的最新消息，都將於主辦單位X（原Twitter）頁面發布


演 出 人 員

TanZ
以聽過之後就會讓人著迷的獨特聲線與極具魅力的演唱表現擄獲許多粉絲的心，寶石系2.5
次元Vsinger。不論是可愛曲風或是帥氣場面都交給我吧！就像Tanzanite（坦尚石）一樣會
隨著當下環境顯現不同的顏色與光輝，大家一定會迷上如此變化千萬的她！



メルユ（Meruyu）
往來與現實世界與虛擬世界的2.5次元Vsinger！主打以「超高音質、高品質、高畫質」所進
行的直播，也很積極地參與各種Live活動！相信自己的歌聲能夠傳達到所有人的內心深處！



まゆる（Mayuru）
努力準備Vtuber出道的唱見歌手！雖然有著可愛的角色形象，但能用帥氣歌聲唱出各種風格
的歌曲！從瀟灑華麗的流行歌曲到經典動漫歌曲都能以她的風格進行詮釋，用獨一無二的歌
聲風靡全場。



購票方式請直接參考原文




講真的,自從發現TanZ,到一路上看著她成長至今,雖然時間不長但每天都令我興奮不已
雖然被黃牛搞到瑟瑟發抖了我還是希望台灣人能真的把500人的場子塞爆
如果500人份票真的賣得完,我坐在場外吃便當聽漏音我也很開心啦


因此我這邊呼籲主辦方: 黑子娛樂有限公司

請做好黃牛大量幽靈帳號收購票券的風險管理,以及清票並再販三販的售票流程要做好
拜託了


--
",I don't know what you are talking about.
[Vtub] vtuber樂隊,"由

笹木（貝斯）

西西（鍵盤）

葉子（鼓）

綠仙（吉他）

組成的解散gig

雖然每次都解散 但時不時會再結成

這次也在にじさんじフェス上演奏 孤獨搖滾的『青春コンプレックス』

但evergreen nerd呢？ 怎麼一次就沒有惹？

有西恰？


--
",I don't know what you are talking about.
[蔚藍] C103車站角色看板,"
国際展示場駅のブルアカ広告、コミケ仕様になってた



--

--
",I don't know what you are talking about.
[檔案] 學生自製的聖誕樹,"等等就是來拆禮物環節

這繪師前幾天還有畫航線跟妮基，相比之下檔案的學生都像貧乳

-----
Sent from JPTT on my Samsung SM-A3460.

--
",I don't know what you are talking about.
[閒聊] 天竺鼠車車快閃店～等身可坐馬鈴薯,"到今晚八點結束，在捷運中山跟雙連之間的0% TAIPEI（赤峰街41 巷9 號）

這次也是到快結束才去的（汗）


主題是駕訓班篇，商品都是日貨、種類沒有太多，價格的部分感覺偏高，

不過有日本製的帽T，紙製品或資料夾也幾乎是日製，

還有幾樣商品是臺灣製（！）的讓我有點驚訝。


跟以往快閃店（華山、大直ATT）最大的差別就是之前等比馬鈴薯是充氣的，

這次是可坐式的！

從駕駛座看出去就是這樣～


鼠車介紹

兩張告示牌可以注意一下文字～



店面不大、到處拍店員也不會阻止你，但我看商品也看了滿久的。

因為一個人去店員還很好心的幫我拍坐在駕駛座的照片（照片就不放了），

個人收了一隻駕訓班的西羅摩大娃娃（還沒拍），大娃娃大概是商品裡匯差最少的了。


消費滿額盲抽特典徽章，不累贈、一人/天/顆，可惜抽中的是阿比不是我推西羅摩。


有快閃店可逛還是很開心啦～

我問過應該不會提早收，所以今天下午到晚上想要衝一波的人也還來得及。

大概就是這樣～

x

--
",I don't know what you are talking about.
[情報] 傳奇四葉草 Steam版,"
？？？

這東西能上Steam的嗎？

這樣是不是都和諧光了呀？
----
Sent from BePTT

--
",I don't know what you are talking about.
[新聞]中國擬推新規限制網遊 騰訊與荷蘭大股東慘,"
中國擬推新規限制線上遊戲 騰訊與荷蘭大股東Prosus慘跌逾12％

中國大型遊戲公司網易股價上週五崩跌25％，另一家遊戲巨頭騰訊股價上周五大跌12.35
％收274港元。（圖片來源／flickr）

上周五（12月22日），中國發布網路游戏管理辦法草案，其中一些新措施限制玩家的線上
支出或玩線上遊戲的時間，全球電玩遊戲股應聲倒地。

網易股價上週五崩跌25％

綜合外電報導，中國大型遊戲公司網易股價上周五崩跌25％，中國科技巨頭、也是中國遊
戲巨頭的騰訊股價同一天大跌12.35％收274港元，與2021年2月份創下的歷史高峰相比，
已經崩跌61％。

騰訊市值單日蒸發460億美元，創下自2022年10月以來的最大單日跌幅，本周一（12月25
日）為聖誕節，港股休市一天。

在荷蘭阿姆斯特丹，持有大量騰訊股票的Prosus NV股價22日盤中重挫20％，市值一度蒸
發155億歐元（約171億美元），收盤大跌13.38％至25.63歐元，騰訊投資的育碧
(Ubisoft Entertainment)在巴黎的股價上周五盤中一度大跌8％，騰訊最大股東兼母公司
南非的Naspers當天收盤暴跌17.7％。

在美國上市的中國股票納斯達克金龍中國指數下跌2.4％，電玩遊戲製造商網易ADR上周五
重挫16.78美元或16.07％，收87.64美元，美國電玩同業Unity Software當天下跌1.26％
至39.21美元。

騰訊市值單日蒸發460億美元

Equita SIM分析師Gianmarco Bonacina的研究報告寫道，如果新法規真的實施，可能會導
致玩家貨幣化程度降低，打擊中國營運的遊戲公司收入和利潤率，而中國是全球最大的遊
戲市場。

中國遊戲監管機關上周五發布新規則草案，用意在打擊玩家在網路遊戲上花費更多金錢或
時間的行為，當局對頻繁登入和購買遊戲道具的行為將採取一系列限制措施，引發投資人
擔憂全球最大行動遊戲領域即將次受到監管打擊。

新規草案的提議內容包括限制使用者的遊戲內消費。相關提議還要求網路遊戲直播不得出
現未成年人打賞情況，並禁止公司向未成年人提供隨機抽取服務。

網遊公司不得設置每日登錄獎勵

根據國家新聞出版署發佈的草案徵求意見稿，網路遊戲公司也不得設置可能鼓勵用戶線上
花費更多時間或金錢的獎勵，其中包括對每日登錄的獎勵。

根據中國官媒《國家新聞出版署》上周六報導，中國監管機關將根據相關政府部門、企業
和用戶的回饋，考慮調整規則草案，但未提供更多細節。

《彭博資訊》（Bloomberg Intelligence）分析師戴維斯 (John Davies)表示，Prosus股
價暴跌，顯示該公司對監管變化的反應很敏感。他表示，Prosus持有約25％騰訊股票，「
給其他投資組合蒙上陰影，而且似乎不可能很快改變」。

Prosus股價表現與騰訊息息相關，因為Prosus的75％市值由這家中國企業集團貢獻，這家
荷蘭公司的科技股投資組合當中，騰訊持股占比最大。

荷蘭公司Prosus持有約25％的騰訊股票

一年多來，Prosus陸陸續續減碼騰訊持股，為回購計畫提供資金，該公司本月稍早表示，
騰訊持股比例已降至25％以下。

在約翰尼斯堡，南非股市FTSE/JSE指數上周五收盤下跌 1.8％，其中Naspers和Prosus股
價大跌，對市場的拖累最大。

同時，中國股市今年的頹勢變得越來越糟，經過上周五的下跌，使中國金龍指數2023年跌
幅加深至8％左右，遠遠落後美股那斯達克100指數同期54％的漲幅。

GAMA資產管理公司全球宏觀基金經理德梅洛（Rajeev De Mello）表示，「中國新規草案
恰如其分，幫市場對中國股市今年表現特別失望的情緒劃下句點，美國和中國股市之間差
距之大，令人震驚。」

搞死本企還趕跑外資,經濟不爛也難.

--
",I don't know what you are talking about.
Re: [閒聊] 織田信長有想要廢除日本天皇?,"
有個問題

人妻控搞個挾天子以令諸侯
就被後世罵到翻

雖然後面做同樣事的也不少就是了

日本當時沒其他人去罵那些幕府將軍嗎？

也沒人發動勤王嗎？

--
",I don't know what you are talking about.
[閒聊] GTA5 原始碼已被洩露,"
有三種組合:

3.3 gigs 只有原始碼
17 gigs 原始碼+部分資源檔
1 TB, 原始碼+全部資源檔


洩漏內容截圖


另外還有惡霸魯尼2的部分資料，以及 GTA VI 開發代號: Project Americas

--
",I don't know what you are talking about.
[蔚藍] 夏萊收到了一堆禮物,"
寄給夏萊的禮物有點太多了希望老師能親自確認一下

為師今日恐將...

--
",I don't know what you are talking about.
[閒聊] 台灣為何聖誕節炒不起來？,"乳蹄

今天是聖誕節


在日本是肯德基的大日

ツイコミ(仮)@nanairo_perikan


排隊買炸雞成為一種風氣


聖誕節也是情侶的重要日子


能夠和心儀對象一起渡過

拿到聖誕禮物

往往被視為是關係推進的一大步


台灣雖然店家會應景換上聖誕裝飾

店內可能也會播放相關音樂

整體來說過聖誕節的氣氛非常淡

該說是普遍沒有那樣的氛圍嗎？

零星活動會有，但應該還稱的不上炒作成功

為何聖誕節在台灣炒不太起來？

--

                     ◣ ◢
                     =. .=              http://i.imgur.com/SeEC2jX.jpg
                       ◣

貓貓仰臥起坐 <3

--
",I don't know what you are talking about.
Re: [閒聊] 白蓮教的教主是怎麼讓信眾義無反顧啊？,"義和團自認自己不是白蓮教的

《神助拳歌》
神助拳、義和團，只因鬼子鬧中原。
勸奉教、自信天，不信神佛忘祖先。
男不倫、女行姦，鬼孩俱是子母產。
如不信、仔細觀，鬼子眼珠皆發藍。
天無雨、地焦旱，全是教堂遮住天。
神發怒、仙發怨，一同下山把道傳。
非是邪、非白蓮，念咒語，法真言。
升黃表、敬香煙，請下各洞諸神仙。
仙出洞、神下山，附著人體把拳玩。
兵法藝、都學全，平定鬼子不費難。
拆鐵道、拔線杆，緊急毀壞火輪船。
大法國、心膽寒，英美德俄盡消然。
洋鬼子、盡除完，大清一統靖江山。
弟子同心苦用功，遍地草木化成兵；
愚蒙之體仙人藝，定滅洋人一掃平。

至於白蓮教造反最有名的

應該是韓山童-韓林兒-朱元璋吧

--
",I don't know what you are talking about.
[奶子] 聖誕快樂,"昨天聖誕夜今天聖誕節 每推10p發一百個 順便推個親友
繪師資訊
幹剛剛被APP陰到 不小心發錯版 秒刪==

--
聖誕限定 @pilason._
--
",I don't know what you are talking about.
[閒聊] 劇場版間諜家家酒 票房12億突破,"
公開3日間で興行収入12億円突破
この冬、No.1のロケットスタートで幕開け！

映画の満足度は93.6％を記録
『劇場版SPY_FAMILY  CODE: White』
大ヒット上映中

世界の命運を賭けた
偽家族の極秘任務が始まる──


上映3天目前突破12億
看最後能多少了

--
",I don't know what you are talking about.
[閒聊] 五條悟的虛式只能算特效大於實用吧？,"回頭看五條悟的虛式

其實戰力很差

就是畫面好看而已

真正的戰績只有打死甚爾跟魔虛羅

打花御，打宿儺

都只有打傷而已

之後還是活蹦亂跳的

至於魔虛羅

當初宿儺隨便切幾下就秒殺了

大家怎麼看


--
",I don't know what you are talking about.
[閒聊] My Go!!!!!算是輕百合作品嗎?,"My Go!!!!!算是輕百合嗎?

我怎麼感覺 素質姊會跟燈寶做愛

爽世會跟祥子做愛

睦寶... 被爽世拒絕了

那只能 睦寶x祥子x爽世 這樣3P了吧

愛音:那我呢?

如果是重百合 那是不是超越少女革命這種重百合大作?

--
→ Eriri: ...哈佛校產也才三百多億鎂 哪個學校一年能募一百多億鎂 05/05 04:30
→ c*typort: Harvard Received $1.4 Billion In Donations Last Year 05/05 06:56
→ c*typort: 別鬧笑話了..好幾間大學年年募到百億鎂..前10都超過500 05/05 06:58
→ c*typort: 缺錢的都是公立大學..你有看過藤校100/200人大班制嗎?? 05/05 06:59
→ c*typort: 募到的錢越多..花的也越多好嗎 05/05 07:02
→ veru: B 是十億美元吧 說百億美元也太誇張了 05/05 08:22

--
",I don't know what you are talking about.
[Vtub] Nerou 烏龜破產了，負債1.5億美,"【【Neuro】V公子大气！负债1.5亿美金送出500万个Fumo！】 https://www.bilibili.com/
video/BV1KC4y1D7mA/?share_source=copy_web&vd_source=964ec753fa8c0d0d36cc70d87d06
97b5

neuro：OK Vedal，你現在有兩個選擇，搶銀行，或是向chat乞討。

烏龜：或者……破Twitch送禮的歷史紀錄？

--
",I don't know what you are talking about.
[HOLO] 所以你齁昨晚誰沒開台？,"
昨天平安夜啦

但對日本來說也就算是聖誕節了

這麼美好的日子

我想你齁的女V

應該都很想跟自己的粉絲一起過

不過也可能有重要的事無法開台



想問一下昨晚誰沒有開台？

也沒要幹嘛單純想知道而已

-----
Sent from JPTT on my Samsung SM-G9910.

--


--
",I don't know what you are talking about.
Re: [閒聊] 現在美軍還能造船像下水餃嗎？,"之前記得看過某本雜誌說米國的海軍軍力大概是第二名到第七名的總和。
航空母艦群也是米國壓勝。

就目前來看米國就算什麼也不造純維護，10 年內大概也沒人可以單挑他的海軍。

以遊戲來說基本上都要給米國很大的 nerf ，或者強迫他只能有限制參戰。
比如某款 RTS 開局就是蘇聯登陸加州，就被吐說蘇聯根本沒法渡海，
太平洋海軍憑空消失了嗎？

HOI 4 來說，米國開場都會吃厭戰跟經濟蕭條，KR 模組直接弄米國二次內戰（不可避免）。
不然遊戲設計上來說米國有充沛的人力跟工廠，科技力也足夠，其他人玩屁。

說來說去大概只有外星人入侵或者深海棲艦出現才有可能全滅米國海軍。
畢竟米國海軍是唯一在二戰會造冰淇淋船的國家，戰時產能多到可以弄冰淇淋船。

雖然美軍整天抱怨募兵不足，但是真的打起來又是另一回事，911 跟二戰就證明
和平時期募不夠而已，有大義米國人還是願意從軍的。

造船業不足也是米國海軍整天抱怨，但我想大概只是成本太高問題，
畢竟當其他人還在苦於航空母艦戰鬥群建造跟維護費用很高的時候，
米國在研究雷射砲...?

--
",I don't know what you are talking about.
Re: [新聞] 市場情緒悲觀，A股遊戲股早盤續挫,"B站簡字慎入，影片推薦
網遊管理辦法 解析
央視下場暴打二次元，文娛分級遙不可及

逛B站有推薦看到的，難得的在中國少部分持不同意見，有指出中國ACG產業更嚴重的問題
，版號寒冬、分級制度、自我審查等，

在我看戲般的瀏覽算當中清醒的，不然B站10支影片有9支都在吹黨管的好甚至比例更高，
我也滿喜歡留個言反對一下看他們怎麼回我，有看到

做網遊的大小廠都去死，Steam單機活著就好(忘了黨的網路遊戲也包含Steam嗎)
管ACG的換腦袋了這次找懂遊戲的來(手辦新聞沒多久吧，怎麼上1秒就換腦袋好快阿)
嫌遊戲資金太多的，喜歡被黨父母管的

我認為ACG產業目前在中國就是韭菜，黨對ACG的定調就是：玩物喪志，即使看到有些出頭
，只不過是有打點好內部關係或有大人物喜歡。

--
",I don't know what you are talking about.
Re: [閒聊] 第一神拳138：華利教練是白癡嗎？,"
借題問一下
作者最近是不是開始看JoJo還是博人傳
這個拳王的造型是..？

--
",I don't know what you are talking about.
[閒聊] 愛音這種女孩兒是不是不適合交往,"小妹我剛剛看到

燈找愛音組一輩子的樂團

愛音屎屎尿尿 討價還價的



還開始拉時間線


一星期


一個月


第一次live前


最後直接說不知道能不能一輩子


開始嫌棄燈很沈重


該不會以後愛音交往或是結婚

也會這樣討價還價吧

一輩子都不能給的人 要怎組團

我很好奇

--
                       我女兒
      相信人的表情                被人騙的表情
       穿白色內褲                穿女僕裝的樣子

--
",I don't know what you are talking about.
[孤獨] 浦 島 虹 夏,"

經常做扁面蛸幹片的Nitari要在C103出這本

從兩名貝斯手手裡救了扁面蛸的浦島虹夏

被扁面蛸招待前往龍宮

在那裡見到了公主（陰角）
--
",I don't know what you are talking about.
[新聞] GBF、我英合作讓中國玩家痛罵辱華要棄坑,"
《碧藍幻想》和《我的英雄學院》合作讓中國玩家崩潰！痛罵Cygames故意辱華要棄坑

《碧藍幻想》（Granblue Fantasy，GBF）在上週末 12 月 23、24 兩日舉辦了「GRANBLUE
FANTASY Fes 2023」線下實體活動，帶來了許多遊戲新作的情報與更新內容。然而其中宣布
《碧藍幻想》和《我的英雄學院》合作後，卻讓許多中國大陸玩家直接崩潰喊棄坑，認為 C
ygames 是故意辱華。

先前《碧藍幻想》因為宣佈和 hololive 展開合作，讓不少中國網友崩潰過一次，因為過去
 hololive 曾經因為「龍心事件」辱華而全面退出中國，直到不久前才重新回到 Bilibili
上傳小劇場等影片。當然中國不少玩家都因此而退坑，也有些人認為只是單純合作宣傳，沒
有在遊戲中加入限定任務或是角色就還好。

然而在上週末舉辦的 GBF Fes 2023 上，《碧藍幻想》和《我的英雄學院》宣布合作，將會
有登場的可玩角色。然而這卻讓許多中國玩家瞬間集體崩潰，因為過去《我的英雄學院》就
被指出角色影射二戰 731 部隊而辱華，作者雖然回應這些都是過度聯想，但會尊重大家的
想法修改名稱。

先是 hololive，接著是《我的英雄學院》，許多中國玩家認為 Cygames 是故意的行為，其
中《碧藍幻想》中國玩家最大的聚集地 NGA 論壇，有不少網友發文各種問候 Cygames 母親
。但還是玩家依然身體很誠實，勸說大家繼續玩下去，就是千萬別課金，活到打到最低限度
就好，別做出會讓自己後悔的事情。

互相勸說，不一定要棄坑。

但有些玩家直接鐵了心要離開。（圖源：NGA）

還有一名中國 Coser 發文「之前的cos，被噁心到於是提前發了」，她提到自己看直播的當
下很崩潰，但原本要在年旦發的10週年賀圖都已經拍好，現在只能提早發出來。


--
",I don't know what you are talking about.
[蔚藍]抽總監簽名的飲料摺疊帶,"▎康青龍✕蔚藍檔案！好康加碼慶年終(1/15截止)

即日起拍下康青龍合作飲品或虛寶卡+UID
就有機會拿到總監們簽名的飲料摺疊帶喔~~




有總監們的簽名 還不錯

--
",I don't know what you are talking about.
[蔚藍] 變成了聖誕禮物的聖誕禮物,"
在寒冷的聖誕節和小狐狸窩在一起
感覺也挺不錯的嘛

e1Aw

--
",I don't know what you are talking about.
[問題] 全空第二騷是誰？,"全空第一騷毫無疑問是我們團長

辣個腿、辣個腰

那在我們團長之下

全空第二騷的人是誰啊？


我們勞淑有沒有機會啊？

--
",I don't know what you are talking about.
[Vtub] Peko會向聖誕老人要什麼禮物？,"昨天有個聖誕老人在發禮物

給一些齁樓成員

如果是Peko

會向這個聖誕老人

齁齁齁~要什麼禮物？


--
",I don't know what you are talking about.
[閒聊] 最新一集的名偵探柯南...(雷,"雷






防





防雷





好 其實跟主線沒什麼關係

現在看柯南的重點也不是推理

但姑且還是防雷一下



28歲的打工人A是某款卡牌遊戲的頂尖高手
但窮困的他買不起高價的卡片 只能用便宜的卡
但他越玩越能感覺到 便宜的卡終究是有極限的
於是鋌而走險 決定去偷卡片
但他在偷的時候被同好抓個正著
同好之後便以此把柄敲詐他
受不了的犯人最終起了殺心 把他給殺了


.
.
.


怎麼說呢...

意外的...心有戚戚焉

特別是發現便宜的卡有極限這回事

但我想說的是 小哥你該做的不是偷卡

而是去把那些炒價黃牛抓出來啊

在米花當黃牛應該有十分充足的條件成為被害人啊

搞不好你還不用自己動手欸 對吧


--
",I don't know what you are talking about.
Re: [閒聊] 白蓮教的教主是怎麼讓信眾義無反顧啊？,"※ 引述《yniori (偉恩咖肥)》之銘言：
: 如題
: 這是白蓮教的老大
: https://i.imgur.com/uime7EE.jpg
: 這個是白蓮教信眾
: https://i.imgur.com/vyc0w1m.jpg
: 那白蓮教的教主到底是怎麼讓這些白蓮教信眾幫他敲鑼打鼓宣傳造勢
: 甚至讓這些信眾義無反顧的拼一次啊？
這個問白蓮教紅巾軍的朱元璋最清楚

朱元璋建立明朝把元朝打回漠北老家時對元朝有一句評論
「元以寬失天下，朕救之以猛，小人但喜寬。朕觀元朝之失天下，失在太寬。」

這句話可不是在讚美元朝的統治很寬容喔

那是在說
一、社會綱常廢棄
元朝有法律，皇室也是逐漸吸收漢文化
但很多蒙古貴族根本不甩禮義廉恥這套，最後上行下效的結果是連漢人都被影響了

有法律卻沒有道德
這也就算了，不過連法律都失效的話……

二、朝廷吏治腐敗
元朝的法治過於混亂到有跟沒有是一樣的
一開始是不錯，但隨著時間過去就開始亂掉了

最後就是一堆收割韭菜的小人出現了
所以才有朱元璋說的「小人但喜寬」

三、國家缺乏信任機制
當國家愈來愈爛時，人民就開始抗議甚至反抗
但統治者不聽還硬是壓迫下去就只會無限循環下到徹底翻臉



這情況是不是似曾相識啊？

--
第七代火影
小智喝莎莉娜的水壺
第十五班

--
",I don't know what you are talking about.
Re: [閒聊] 台灣為何聖誕節炒不起來？,"※ 引述《Homura (德意志國防貓)》之銘言：
: 乳蹄
: 今天是聖誕節
: https://i.imgur.com/qK7cCMO.jpg
: 在日本是肯德基的大日
: ツイコミ(仮)@nanairo_perikan
: https://i.imgur.com/KHRNSb1.jpg
: 排隊買炸雞成為一種風氣
: https://i.imgur.com/WC8IJ8o.jpg

日本肯德基那時號最早宣傳是早在 1974 年的時候用聖誕與肯德基一起過開始
日本人很不清楚聖誕節是啥 日本本地基督教文化沒這麼深(不算駐軍部分)
還有許多日劇、早期漫畫的宣傳，這麼時有時無持續50年，日本聖誕節吃肯德基
以及草莓蛋糕幾乎成了基本認知


台灣大家唯一能相比的大概就是烤肉之於中秋節了，日本也是在月見的時候開始推月見
漢堡，那也是花了 20 年左右才慢慢變成那個樣子不然以前日本八月十五夜也沒特別
在吃什麼月見系列的東西的，至於這樣變化成功的商業文化是好是壞就看個人了
至少我比較喜歡吃烤肉而不是月餅跟柚子

--
",I don't know what you are talking about.
[情報] 山姆和佛羅多玩柏德之門3,"

如題 拉瑞安最新的宣傳片

邀請了飾演魔戒哈比人的山姆及佛羅多的演員來遊玩

騙佛羅多往幽暗地域跳直接摔死有夠靠北XD

--
",I don't know what you are talking about.
[閒聊] 林黛玉今晚會怎麼過聖誕夜？,"我老婆林黛玉





有人知道她今晚會怎麼過聖誕夜嗎？


--
",I don't know what you are talking about.
Re: [問題] 全空第二騷是誰？,"※ 引述《Jacksalmon52 ( Jacksalmon52)》之銘言：
: ※ 文章網址: https://www.ptt.cc/bbs/C_Chat/M.1703483672.A.4DF.html
: 推 arrenwu: 秩序騎空團的莫妮卡                                     12/25 13:55
: 推 we15963: 莫妮卡是對ㄌㄌㄎ來說吧?                                12/25 13:57
你才蘿莉控 你全家都

@kizusata



















公主連結不知道有沒有機會也來張27歲的莫妮卡

--
令人心跳加速的購物旅程
原出處：https://twitter.com/Hairi_1617/status/1521780942221631489

--
",I don't know what you are talking about.
[問題] 恰民喜歡哪種戰爭方式,"乳頭

很多動漫都會以超能力的方式描繪戰爭

現代則是漸漸強調以無人機種取代人類親自上戰場作為戰爭的方式

設未來科學發現人體有某種可以發動超能力的潛能，可以把它想像成查克拉或念能力

辣模，恰民會比較傾向親自上戰場發動超能力打殺四方還是交給ai呢？

--
",I don't know what you are talking about.
[閒聊] 為啥五條死了才圍攻宿攤,"玩到後面還是搞群毆

是說五條活著起碼可以拖著宿攤

日車找個機會用牙籤戳ㄧ戳就贏了

幹嘛等死了才圍攻宿攤

看不懂啊



0.0..

--
",I don't know what you are talking about.
[閒聊] 公主連結 聖誕賀圖,"
本日12月24日はクリスマスイブですね♪
クリスマスを姉妹で楽しむハツネとシオリの描きおろしイラストをお届けします！

クリスマスツリーに星を飾り終えてパーティの準備完了みたいですね♪
#プリコネR


難得有官方非抽池非活動的純賀圖

初音和小栞人氣都算不差的情況下

她們換裝的角色卻少之又少呀
----
Sent from BePTT

--
",I don't know what you are talking about.
Re: [情報] 我內心的糟糕念頭 136 預告,"※ 引述《whisperXD (微語)》之銘言：
: https://twitter.com/lovely_pig328/status/1734543824133968326
: https://pbs.twimg.com/media/GBJWagfbwAAftDW.jpg
: 次回、ここでエッチをひとつまみ...
: 老師終於想起來最初的標題，「性の四日間」了嗎xDD
: ------------
: https://mangacross.jp/comics/yabai/143
: https://pbs.twimg.com/media/GBI63xgb0AAQ5bF.jpg


阿桃真的很煩XDDDDDD

--
",I don't know what you are talking about.
[咒術] 已經沒人期待五條了嗎？,"
雷

現在討論方向已經越來約偏向虎仗最後怎麼收尾 還有各種追加設定

已經沒人期待五條下一話站起來

然後再戰的嗎？

只有我覺得五條仍然會復活的嗎？？！！

--
",I don't know what you are talking about.
[閒聊] 一勝千金 15 六道仙人姬奈醬,"在退無可退的情況下，柚8用硬氣功硬抗下姬奈的踢擊，接著就開始了困獸之鬥般的絕地反
擊，想要趁著姬奈左腳重傷移動困難的情況下一舉拿下勝利
場邊的瀨名妹妹激情解說，但不太聰明的姐姐看起來完全沒有明白

然而這波連擊雖然有效，但只有一點點
場下的眾人看出姬奈打算發動迎擊，但覺得在腳被廢的情況下光用手不足以打倒柚8

然而姬奈的身體控制遠非常人，肌肉暴起肌腱壓縮到極限


柚8在賽後的採訪中表示她當時只感覺到被一道光貫穿
速度之快讓台下沒有忍者動態視力的純良觀眾根本不知道發生了什麼事，柚8就這樣突然停
下動作，七孔流血倒下了

場下的瀨名姐都感嘆姬奈這他媽根本不是人類吧，天馬震驚於姬奈的肌腱強度根本遠超常人
，簡直就像手上裝了一個強力彈簧，利用柚8上步發勁的時機打出一發完美的迎擊拳直接KO

瀨名妹還在分析姬奈的秘密就是這個精密的身體操作能力，而大姐還是一副完全不明覺厲的
樣子，超級可愛

最後毫不意外的是由姬奈拿下勝利，我根本想像不到革命姬輸的樣子.jpg

姬奈還感嘆好久沒用過「六道」了，謝謝老婆，這次玩的很開心，下次還要

--
",I don't know what you are talking about.
[蔚藍] 竟然還有人用這招,"
該不會有人讓外送員去幫他兔子跳拿袋子吧XDDD

這種大人最討厭了

--

--
",I don't know what you are talking about.
[問題] 請問東京哪裡可買漫畫的畫布跟裱框畫呢,"如題
我想要去東京買如下圖的漫畫畫布與裱框畫放在家掛著貼著
有版友有在東京的中野百老匯或秋葉原的那間店買過嗎，二手店也無妨，謝謝～

--
",I don't know what you are talking about.
[Vtub] Vedal987榮登七天內排名第一女性實況主,"
根據網站Stream Charts的統計
若以七天內的總觀看時數作排名
在Twitch的女性實況主中
Vedal987位居榜首

恭喜Vedal987



一年前的Vedal：我不是實況主，更不是Vtuber
現在：Twitch第一女性實況主，最佳技術Vtuber

--
",I don't know what you are talking about.
Re: [Vtub] Nerou 烏龜破產了，負債1.5億美,"※ 引述《Mayfly (Baccano)》之銘言：
: 【【Neuro】V公子大气！负债1.5亿美金送出500万个Fumo！】 https://www.bilibili.com/
: video/BV1KC4y1D7mA/?share_source=copy_web&vd_source=964ec753fa8c0d0d36cc70d87d06
: 97b5
: neuro：OK Vedal，你現在有兩個選擇，搶銀行，或是向chat乞討。
: 烏龜：或者……破Twitch送禮的歷史紀錄？
: --
: ",I don't know what you are talking about.
[蔚藍] 小鉤ハレ（キャンプ）  立繪公開,"【生徒紹介】
寒い冬にあわせて暖かい格好へと着替えたハレさん。
久々に外出することになった上、電波がほとんど通じないキャンプ場に足を運ぶことにな
り、いつもよりテンションが下がっているご様子…。

「うう……外に出ないとダメなの……？」



新的超級人權

--

--
",I don't know what you are talking about.
[閒聊] 三寶之首的芙莉蓮,"
菲倫,再說一次哪個是剎車


---

不愧是葬送的三寶之首 如此兇殘

--
",I don't know what you are talking about.
[閒聊] 境界觸發者 看得不過癮啊,"劇情我覺得算簡單

不過各個人物的互動跟行為理念都各有不同

慢慢推動起來的樣子看得很過癮

而且只要隨便找一個人說一句：「接下來這裡是重頭戲」

就讓人很容易抓到重點 看得很燃

不過就是……我一下就追到最新啦

看不過癮==

動畫二季開看

--
",I don't know what you are talking about.
[閒聊] 芹澤朝日 一張,"明天要更新Stray Light組連載漫畫的第4回

官方今天先放一張上來



這朝日也太可愛了吧...心臟爆擊耶

不知道是不是朝日回呢 期待更新

--
",I don't know what you are talking about.
[Vtub] 來栖夏芽12/26 18：00四週年新衣裝！,"
老婆有新衣服啊！老婆要四週年啦！
我好興奮啊！

@nekoguyy

@fuuru14

推到現在已經兩年了
當時偶然間聽到夏芽鋼琴回時被徹底暈到
然後暈到現在了

明天在發吧我想 雖然錢不多就是了

-----
Sent from JPTT on my Asus ASUS_Z01RD.

--
夏芽清楚、夏芽可愛、夏芽會跳舞!!


--
",I don't know what you are talking about.
[閒聊] 皮卡丘 我要進來了,"


----
Sent from BePTT

--
",I don't know what you are talking about.
[蔚藍]熱狗彩奈一卡通可以領啦,"如題 
其實12/23就可以拿了
但太冷懶得出門 今天才拿
熱狗彩奈真的做的超精緻...好讚...
終於可以把熱狗彩奈帶回家啦
真的好想好想吃掉

--
",I don't know what you are talking about.
[閒聊] 船夸座兔鴨哪幾個是陰角阿？,"昨天聖誕夜

PEKO開台召集了船、夸、鴨、座長

可是待機圖裡面又是寫陰角派對

我是疑惑一下

除了夸自稱是陰角

剩下幾個都嗨到不行吧

到底還有誰是陰角

還有一趴三個人去上廁所

獨留夸、兔

這兩個就說喔怎麼只剩下我們兩個陰的


兔田真的算陰角喔????


還是我誤會了

這五個有哪幾個是陰角?



阿是說 船夸兔鴨


感覺少了誰 有人知道嗎= =?

--
",I don't know what you are talking about.
Re: [閒聊] 用單詞作為人名的感覺,"※ 引述《togs (閒聊)》之銘言：
: 最近看某部不錯的作品，
: 突然有點好奇
: 若作者用某一個國家的單字作為人名，那麼對那個國家的觀眾來說，
: 看到時會有怎樣的感覺?
: 舉例來說，
: 若藏馬名字改為花朵、趙靈兒改為鐵、李逍遙名字改為天國、
: 林月如改為凍結。
: 那麼該國讀者聽起來可能像是: ""天國究竟喜歡凍結，還是喜歡鐵?""
: 猜測一下，
: 若該國也有人取這種名字，那也許聽起來ok?
: https://imgur.com/HSxK0kW.jpg
: 像是有人姓劉、名字叫劉鐵之類?
: 陳凍結? 林天國?

拿名詞、形容詞或動詞來取名這種事
應該全世界各地都很常見

畢竟原PO舉的例也是這類名字，太熟悉反而完形崩壞了

歐洲語言可以從希臘-羅馬字根開始變
查詞源超有趣ㄉ

不過要回答「怎樣的感覺」
我翻到版上有篇文章剛好有回答到

[閒聊] 被角色名字干擾而無法專注劇情的經驗?
#1auuEO8X (C_Chat)

雖然是常見詞彙，但太少用來命名的話
就是瘋狂出戲= =

--
Sent from nPTT on my iPhone 8

--
",I don't know what you are talking about.
[蔚藍] 音瀨コタマ（キャンプ） 立繪公開,"【生徒紹介】
冬の課外活動のため、相応しい姿に着替えたコタマさん。
外出する気はなかったものの、普段は録音しづらい環境音を収録できるチャンスとポジテ
ィブに捉えている模様…。

「私が……行くのが効率的なら」



卑女+1



提供一下推特算數師試算表


--

--
",I don't know what you are talking about.
